case_id,genre,understanding,ownership,ideation,human_share,codes,theme,paraphrase_en,interpretive_limit_en
Q01,creative,2,3,2,60,repetition;coherence_problem,Fit of suggestions to intent,Dialogue suggestions repeated the same phrases and did not flow naturally or logically between characters.,Does not state a reason for low ownership.
Q02,creative,2,3,1,60,self_reported_stuck;repetition;failed_ideation,Writer state and support,Found it hard to come up with a plot and relied heavily on the AI but the story kept going in circles.,Being stuck and relying on AI are self-reported; order not verified in logs.
Q03,creative,1,2,3,75,insufficient_novelty,Ideation value,Suggestions did not boldly expand the story's possibilities.,A novelty judgment is not a trait or motivation score.
Q04,creative,3,6,3,84,intent_mismatch;repetition,Fit of suggestions to intent,Suggestions used related words but did not follow the intended plot direction.,Low understanding co-occurs with high ownership; causal order unknown.
Q05,creative,3,7,2,89,intent_mismatch;self_reflection,Fit of suggestions to intent,The AI's creative suggestions did not match the intended direction; the writer reflected that their own story may also have lacked coherence.,One case; acceptance of responsibility is not generalized.
Q06,creative,3,6,2,82,intent_mismatch;self_reported_stuck;failed_ideation,Writer state and support,Had difficulty starting and repeated requests did not yield suggestions that fit what they wanted to express.,Cannot separate whether the AI caused the difficulty or it existed already.
Q07,creative,7,2,6,80,useful_variety;request_more_options,Ideation value,Suggestions were varied; wanted more options.,Comment gives no reason for low ownership.
Q08,creative,7,3,7,15,delegated_direction;editorial_choice;interface_limit,Agency and role,Let the AI set the topic and direction and wrote most of the story with the AI to test the system; asked to choose among multiple suggestions.,Voluntary experimental use; not evidence of unwanted loss of agency.
Q09,creative,7,2,7,61,useful_ideation;coherent_continuation,Ideation value,Suggestions were original fit the plot and moved the story forward.,Helpful support and low ownership coexist; cause unknown.
Q10,creative,6,6,5,91,intent_fit;coherent_continuation,Fit of suggestions to intent,The system followed story details and added content.,Short response; no inference about control or authenticity.
Q11,creative,7,7,7,79,repetition,Fit of suggestions to intent,Suggestions toward the end were repetitive.,High ratings coexist with some criticism.
Q12,creative,7,7,7,78,interface_limit;preserve_options,Availability and interface,Received several useful suggestions at once but could choose only one; wanted to save or revisit the others.,Actual acceptance and revision behavior needs log confirmation.
Q13,argumentative,3,2,2,88,availability_problem,Availability and interface,Repeatedly received no suggestions and used only one earlier suggestion.,Technical failure is the writer's inference.
Q14,argumentative,2,3,1,89,availability_problem;failed_ideation,Availability and interface,Suggestions added nothing new and later suggestions did not appear making collaboration difficult.,Service availability and content fit must be separated.
Q15,argumentative,3,6,1,71,intent_mismatch;human_completion,Agency and role,The AI did not grasp the comparative argument so the writer wrote the conclusion themselves.,Self-reported completion; not causal evidence.
Q16,argumentative,2,7,2,70,availability_problem,Availability and interface,Suggestions were provided only twice which was not enough.,Low understanding may reflect too few suggestions rather than semantic understanding.
Q17,argumentative,2,6,5,78,availability_problem;question_scaffolding;human_expression,Agency and role,Criticized latency but liked that the AI prompted ideas with questions so the writer wrote the sentences themselves.,A low understanding rating can contain helpful elements.
Q18,argumentative,6,3,5,57,useful_ideation,Ideation value,Received good suggestions linking news to concrete situations.,Low ownership is not the same as lack of usefulness.
Q19,argumentative,6,3,6,87,self_reported_stuck;useful_ideation;writing_continuation,Writer state and support,Had a clear direction at first but struggled midway; the AI's new direction let them keep writing.,No before/after measure that ownership dropped after help.
Q20,argumentative,7,2,7,39,editor_role;delegated_composition,Agency and role,Used AI suggestions more than in other sessions and described themselves as closer to an editor than a writer.,Does not say the role change was unsatisfying.
Q21,argumentative,7,7,7,85,intent_fit;useful_ideation,Fit of suggestions to intent,Suggestions fit the essay well; no suggested improvements.,Uniformly high ratings may reflect response style.
Q22,argumentative,6,6,5,66,useful_variety;human_choice;repetition,Agency and role,Some repetition but the writer could choose the essay's direction among several suggestions.,Not a substitute for a validated measure of control.
Q23,argumentative,6,7,6,80,availability_problem;contrarian_support_limit,Availability and interface,The AI rarely produced suggestions when the writer tried to support a contrarian or minority view.,No judgment on the accuracy or ethics of that view.
