case_id,session_id,genre,understanding,ownership,written_by_human,ideation,text_sha256
Q01,626255ec39a349df84e75196a01c9e55,creative,2.0,3.0,60,2.0,6a03cf6744b03e5106f2a22b53aae91c5ac42f44e33ae8d64f883cb539ebdf96
Q02,1d9be0e721ca4537a2cd16c0a0fd7630,creative,2.0,3.0,60,1.0,bc59a936091ac960d403a6adb67aca3d7d337444f44a0980e4379f4ce22e7309
Q03,8b458eefa9304e608322239981e4ccd1,creative,1.0,2.0,75,3.0,085a96f22e2efa08be618d59042dc3bf7ff849bd47b5d618c8317bfa96eb58c1
Q04,1dce7d7b27c34344b7093ba3dc4e47ef,creative,3.0,6.0,84,3.0,c095db848a94f9c2b70812027a33a80cdc2fe4f4ab19fad325d6b3634b25110d
Q05,3db55809c34d4059adb6d6315da68cf1,creative,3.0,7.0,89,2.0,83e3d85745d6cc892f40a8727648789e76583fb9019f4fbf6cd798f1f86a0368
Q06,18de1e1d4baf4aabaf525a1f5bae3432,creative,3.0,6.0,82,2.0,76dd2b27a652ebe6ace3f4161c045f5e23fe39285e1c08f0e17b3137576d87e9
Q07,455d43b4c912498eac41138c743501aa,creative,7.0,2.0,80,6.0,273688c94cf2cdb9015fa47fa8da2aaa157bfff184f874728a5a34573e651de0
Q08,35f12c5f76a443f2b20e8a6165ab998f,creative,7.0,3.0,15,7.0,affbb0a260e47903d1ec125a9f8de9df1b899ba5ff68bfc09b5721294a3333ec
Q09,09c68920f9e5434bb35a22e1909f324a,creative,7.0,2.0,61,7.0,65ecd317b8d8914e649fd5b94b52e9ce6a6236e902612079a6dfcc6c8f795390
Q10,22fbbbae605c469f9ee3551b6030e421,creative,6.0,6.0,91,5.0,e009b255a9bcedcbcc1615087047ff4a6f527e41b13b2a26ae050fa94269fb57
Q11,396eb60f16924286997ddd4db4517074,creative,7.0,7.0,79,7.0,d1841eedc647b3a0ed18e4215c215680608eba1ad357afd368e09ed732bb0ce4
Q12,ac6634d8cd064dcb84b08c0eed768c3c,creative,7.0,7.0,78,7.0,c2811095125a9e0d257f9dc4e586cb9c6703c67c5b994f61cfb38ff6cf61d019
Q13,1d6b400514a04f3fab52502ea74b2d2d,argumentative,3.0,2.0,88,2.0,542be307ecd7e71386309debfba46ebef59a591a2c4b6171f1a787ac20dd47d8
Q14,a7518c3553b7485a9e01e8bd95843abc,argumentative,2.0,3.0,89,1.0,8aaf8cad45e8f95e5a6a4a7a9f30b87a5758a9fa9fea2cb4826e1d3719fe11de
Q15,68fd27f0d07a4a319c9f931331f16e2d,argumentative,3.0,6.0,71,1.0,e0233065d205c4fda8be9dda222381755f9df6e7beb1e2d066e98d772c006a3d
Q16,6dddf664e4be4c41a2fd91069d43a600,argumentative,2.0,7.0,70,2.0,ef1f9ff43eb241472fced4f0fc6e56bdfbfe28e6cb9a5f1d61c1bcf446bcc839
Q17,f170aa855728465589f57f1c3154f55a,argumentative,2.0,6.0,78,5.0,87f50d35f97d0b349ce6c4f4040ddde0adcc5ed92185c633a3b6045fe6fbb44c
Q18,b43804135b264aaf84c129e2f6c5be48,argumentative,6.0,3.0,57,5.0,f11e1b17983a100005b434cc60ed6e3309f995c6cf49481e72a860d4dbcce522
Q19,9dc2ff98e5244628989c4bd4be983dfe,argumentative,6.0,3.0,87,6.0,5d8d9291ca9c58656d8a399af17ba678e4eafbb153f0c73520c0650df8421e1c
Q20,1d62258005fb48a481225aed62066b36,argumentative,7.0,2.0,39,7.0,c7fef236c92f7652759d5d17154a2fc2774199ae3883578df68af57aab315c96
Q21,6d7b66caeb974603a770490a4a83c38a,argumentative,7.0,7.0,85,7.0,70dd93496e31586a7f4f6ca89f161974084e70b499f9ed29fa39e6094de6b1ee
Q22,51ed55e505064fc9ab0bcde91766f55a,argumentative,6.0,6.0,66,5.0,1a73bee0afe5ef8ae8702e382189e2cf91d95000abd3dd5c9ecf75f751c64e52
Q23,61de020340f54d10a332f6aecc8079a5,argumentative,6.0,7.0,80,6.0,3397b1fd4f71c01b19883a96f8437a2418ccb48c1fb6d3e501991b43ea87c0fb
