model,term,beta,se,ci_low,ci_high,p,OR,OR_low,OR_high
E1_understanding_availability,threshold_1,-0.5719712576548466,3.322035495026458,-7.217031623010334,6.073089107700642,0.8638794357291839,0.5644117404032754,0.0007339779115854996,434.01934537364605
E1_understanding_availability,threshold_2,-1.9146937913393298,3.3028859759512206,-8.521449415395999,4.69206183271734,0.564285244000039,0.14738695683974487,0.000199150564180924,109.07784838985462
E1_understanding_availability,threshold_3,-2.717689889899046,3.296764509886178,-9.312200758718276,3.8768209789201853,0.41300548223238526,0.0660271082713249,9.031556353678441e-05,48.27051790356887
E1_understanding_availability,threshold_4,-3.5485581768792063,3.334576582917168,-10.21870445302817,3.1215880992697587,0.2915155138625062,0.02876608537534889,3.648152999343295e-05,22.68237291502901
E1_understanding_availability,threshold_5,-4.449341599784189,3.349729177454009,-11.149797577783062,2.251114378214684,0.18911969534106243,0.011686258673240666,1.4378197262042816e-05,9.498314655789429
E1_understanding_availability,threshold_6,-5.704807974008736,3.341432873571982,-12.388668873421622,0.97905292540415,0.09293782351612027,0.0033299167543074278,4.165522360921494e-06,2.6619339976761873
E1_understanding_availability,unanswered10_w,-0.26192620033041647,0.05696158652876168,-0.37586633780237527,-0.14798606285845767,2.2481887430554708e-05,0.7695678154624469,0.6866941119525786,0.8624431348503263
E1_understanding_availability,unanswered10_b,0.042884697775218826,0.39334252737188885,-0.7439175030323548,0.8296868985827925,0.9135454091158034,1.0438175334279063,0.47524847662717756,2.2926008113146485
E1_understanding_availability,log_latency_w,0.31276630089911633,0.4115526011629668,-0.5104614708514696,1.1359940726497022,0.45025035071967917,1.3672019798162347,0.6002185315357456,3.114267813142505
E1_understanding_availability,log_latency_b,0.5845350662651155,1.4811151278126897,-2.37813629805098,3.5472064305812108,0.6944941632148255,1.7941566277524568,0.09272322503382263,34.71619978418432
E1_understanding_availability,mean_n_suggestions_w,0.30259053968668226,0.10288103346878756,0.0967978325124903,0.5083832468608742,0.004639896111672144,1.3533602036831083,1.1016376357936213,1.6626010054510427
E1_understanding_availability,mean_n_suggestions_b,1.3710549321296832,0.7529055497428266,-0.13498039920334204,2.8770902634627085,0.07359107146834272,3.939504413921005,0.8737330373837944,17.7625136778317
E1_understanding_availability,human10_w,-0.370849505550009,0.09591593873975175,-0.5627099489075876,-0.17898906219243038,0.0002741633869147154,0.690147797156893,0.5696632120060284,0.8361150446124852
E1_understanding_availability,human10_b,-0.11703371992749098,0.13490428688584274,-0.3868824711656291,0.15281503131064714,0.3891073424419799,0.8895551969209392,0.6791709124017907,1.1651094502423578
E1_understanding_availability,prompt_code_athletes,-0.22865206535434318,0.34918767183376465,-0.9271314047976527,0.46982727408896635,0.5150917274690261,0.7956053040028103,0.3956871501649772,1.5997178566286199
E1_understanding_availability,prompt_code_audiobook,0.2103259850162508,0.3271751198842743,-0.44412169470551743,0.864773664738019,0.522767714943713,1.2340802860754485,0.6413873626315636,2.3744685991808376
E1_understanding_availability,prompt_code_bee,-0.08840285167129269,0.3300775984770167,-0.7486563530005665,0.5718506496579812,0.7897530238209821,0.9153920352228289,0.4730016732355581,1.7715425241891092
E1_understanding_availability,prompt_code_dad,-0.22714371836949962,0.3241099356958737,-0.8754601168351377,0.4211726800961384,0.486122510089321,0.7968062583644816,0.41667025856496626,1.523747376535666
E1_understanding_availability,prompt_code_dating,-0.6117009352109231,0.3346129631996897,-1.281026516717,0.05762464629515396,0.072509458923958,0.5424274500100408,0.2777520369552534,1.0593173024030642
E1_understanding_availability,prompt_code_extremesports,0.49934918382050314,0.3279874797898749,-0.15672345765112977,1.155421825292136,0.1331461949465695,1.647648605313532,0.8549404533707454,3.1753625833100867
E1_understanding_availability,prompt_code_isolation,-0.7298066022428483,0.3597015551567942,-1.449316839598126,-0.010296364887570686,0.04691038515486156,0.482002199220965,0.2347305919764774,0.9897564612163058
E1_understanding_availability,prompt_code_mana,-0.6002485098568849,0.36619797707607826,-1.3327535258281922,0.1322565061144223,0.10641840218676221,0.5486752679380011,0.26375001803091824,1.141401058071387
E1_understanding_availability,prompt_code_mattdamon,-0.14732333465047517,0.3200708337448791,-0.7875603262806452,0.4929136569796948,0.6469765276411861,0.8630148896816732,0.45495338024501286,1.6370791649271077
E1_understanding_availability,prompt_code_news,-0.6161832431643586,0.2787453337943011,-1.173756927249737,-0.058609559078980134,0.030890411398917867,0.5400015639823724,0.3092031028434845,0.9430749123207023
E1_understanding_availability,prompt_code_obama,-0.25890395678815603,0.2894619596006342,-0.8379140841332844,0.3201061705569723,0.3746649474208726,0.7718971549656887,0.43261197510905497,1.3772739825196143
E1_understanding_availability,prompt_code_pads,-0.290308217222096,0.24020641052840827,-0.7707925770359343,0.19017614259174226,0.23156652385573623,0.7480329753984366,0.4626462401749284,1.2094626167757652
E1_understanding_availability,prompt_code_pig,-0.33027656099030234,0.3176898164955729,-0.9657508090025066,0.305197687021902,0.3026880313320627,0.7187249346635156,0.3806972614791114,1.3568932166732133
E1_understanding_availability,prompt_code_reincarnation,-0.4356447132282556,0.3050726476360449,-1.04588086585076,0.17459143939424882,0.15847561121103607,0.6468475014755278,0.35138216246750664,1.1907596197454242
E1_understanding_availability,prompt_code_school,-0.3870067917318539,0.3499509919232973,-1.0870129986877555,0.3129994152240476,0.27318933763626496,0.679086482737678,0.33722227420064865,1.3675207313341333
E1_understanding_availability,prompt_code_screen,-0.3334499767305465,0.35591590652673044,-1.0453877893761963,0.3784878359151033,0.3525769177102749,0.7164477368017734,0.3515554634672125,1.4600750462131715
E1_understanding_availability,prompt_code_shapeshifter,-0.33787815624863377,0.32411572701686975,-0.9862061390810468,0.31044982658377923,0.3013800243420098,0.7132821915818444,0.372989078815849,1.3640385569546074
E1_understanding_availability,prompt_code_sideeffect,-0.8216138375427143,0.328866899596216,-1.4794455805376074,-0.1637820945478211,0.01523600965700062,0.4397214426044166,0.22776393014083662,0.8489269875460494
E1_understanding_availability,prompt_code_stereotype,-0.5649345565541921,0.33348666180679615,-1.2320071998371325,0.10213808672874836,0.09544619631156835,0.5683973434211298,0.2917064764744426,1.1075363972472636
E1_understanding_availability,high_creative,-0.15519539664644647,0.16238962695724413,-0.48002301376673007,0.1696322204738371,0.3430598382829262,0.8562478531778038,0.6187691514333683,1.1848690006171838
E1_understanding_availability,high_argumentative,0.1017641093774537,0.21107763286165857,-0.32045401991164757,0.5239822386665549,0.631476952464233,1.1071222811588042,0.7258194257827424,1.6887392399513506
E2_ownership_ai_revision,threshold_1,-0.7274878248813269,1.7584488872547077,-4.244909304180318,2.789933654417664,0.6805616041480935,0.48312115180832754,0.014337033929090982,16.27993966388024
E2_ownership_ai_revision,threshold_2,-2.230734204420824,1.6900063797437774,-5.611250285012506,1.1497818761708585,0.19186361332083404,0.10744951126186321,0.0036564948379059904,3.157504107683935
E2_ownership_ai_revision,threshold_3,-3.264351673857333,1.661397367069775,-6.587641208707231,0.05893786099256415,0.05407024409293855,0.038221707184597054,0.001377284862638569,1.060709327267507
E2_ownership_ai_revision,threshold_4,-4.543188289945668,1.6440031503970851,-7.83168421106954,-1.254692368821797,0.007582677842955267,0.010639430829732389,0.00039695635868326664,0.2851635599342567
E2_ownership_ai_revision,threshold_5,-5.778968771326027,1.684298729697235,-9.148067851960791,-2.409869690691263,0.0010939432047658995,0.003091902223016462,0.00010642523352749146,0.08982699910378551
E2_ownership_ai_revision,threshold_6,-7.186386078187922,1.7332163536466467,-10.653334975466807,-3.7194371809090367,0.00010785696962445903,0.0007568192699162007,2.3621931527192368e-05,0.024247611024405043
E2_ownership_ai_revision,revision10_w,-0.004407089364282854,0.08341606089413041,-0.1712640542918208,0.16244987556325508,0.9580407807388758,0.9956026076036847,0.8425990521980472,1.1763893511172332
E2_ownership_ai_revision,revision10_b,0.3341931200034858,0.2657333336753239,-0.19735268858385324,0.8657389285908248,0.2133999733863479,1.3968128700352096,0.8209010598187557,2.3767616944321817
E2_ownership_ai_revision,understanding_w,-0.14949639202107784,0.1211605014249913,-0.3918534791356436,0.0928606950934879,0.22206252918276576,0.8611415449946395,0.6758031259649379,1.097308864111748
E2_ownership_ai_revision,understanding_b,0.7534079449617775,0.19276072056605212,0.3678290954436041,1.138986794479951,0.00023874180360427232,2.124226943643642,1.4445951299856827,3.1236019106241413
E2_ownership_ai_revision,human10_w,0.2545174376792292,0.06964027688301296,0.11521614350566836,0.39381873185279004,0.0005431581872216487,1.2898390429466617,1.1221159494373896,1.482631770401004
E2_ownership_ai_revision,human10_b,0.3273535413750107,0.15580487078753003,0.01569739767950118,0.6390096850705203,0.03984612111594468,1.3872918555608271,1.0158212490257925,1.894603695631628
E2_ownership_ai_revision,prompt_code_athletes,0.05223717869744316,0.32214567519480564,-0.5921501137660398,0.6966244711609261,0.8717295094781405,1.0536256104303945,0.5531366984153974,2.006966686779355
E2_ownership_ai_revision,prompt_code_audiobook,0.028279484035575318,0.22331372651167772,-0.4184144767316217,0.47497344480277237,0.8996521873443933,1.0286831447658928,0.6580894091426943,1.6079714969185872
E2_ownership_ai_revision,prompt_code_bee,0.24274162073476885,0.32807235600808654,-0.41350079845129356,0.8989840399208313,0.4622443901619053,1.2747392153822668,0.6613310063396286,2.4571055215259237
E2_ownership_ai_revision,prompt_code_dad,-0.2632146464832951,0.3692365254769053,-1.0017976642028616,0.47536837123627135,0.4786945531550058,0.7685769072742399,0.36721871153202423,1.6086066527786973
E2_ownership_ai_revision,prompt_code_dating,0.24979638972828297,0.25703103844917663,-0.26434223667166856,0.7639350161282346,0.33502541656612517,1.2837640025379642,0.7677107559182454,2.1467069485578465
E2_ownership_ai_revision,prompt_code_extremesports,-0.12145104187910466,0.261254096571111,-0.6440370422426012,0.4011349584843918,0.6437021953164153,0.8856344112840739,0.5251680133061777,1.49351881793533
E2_ownership_ai_revision,prompt_code_isolation,-0.09891296889232727,0.3312021286376881,-0.7614158654527815,0.563589927668127,0.7662402712533798,0.9058215392450288,0.46700474281091764,1.7569685824206822
E2_ownership_ai_revision,prompt_code_mana,0.09504011685046111,0.36023715451732835,-0.6255414787391652,0.8156217124400874,0.792817626321872,1.0997029708608386,0.5349716742905088,2.260580666675514
E2_ownership_ai_revision,prompt_code_mattdamon,-0.26165443602715993,0.4536537388817121,-1.1690970218608745,0.6457881498065547,0.5662517088261737,0.7697769849447367,0.31064732239852066,1.9074898247165164
E2_ownership_ai_revision,prompt_code_news,-0.2729599197415117,0.17259373968594371,-0.618198801328601,0.0722789618455777,0.11901753712747432,0.7611232930359243,0.5389142555561687,1.0749551737205265
E2_ownership_ai_revision,prompt_code_obama,-0.6486155639401694,0.3545095626658948,-1.3577402700239865,0.060509142143647776,0.07227722981394054,0.5227690162831663,0.2572414168024601,1.0623773099319045
E2_ownership_ai_revision,prompt_code_pads,0.3251898342326988,0.16426175271892943,-0.00338259197122065,0.6537622604366182,0.052329422709199616,1.384293407316222,0.9966231225478899,1.9227611663676554
E2_ownership_ai_revision,prompt_code_pig,0.04482881431980877,0.36992673571313844,-0.6951348294320268,0.7847924580716443,0.9039510553766283,1.0458488102438261,0.4990071625969023,2.191951971583216
E2_ownership_ai_revision,prompt_code_reincarnation,-0.06603097529566583,0.3392719998806764,-0.7446760177274051,0.6126140671360735,0.8463436635414165,0.9361018678104052,0.4748881303551039,1.8452487036533725
E2_ownership_ai_revision,prompt_code_school,0.3362928492853499,0.3470796118642236,-0.3579697423922113,1.0305554409629112,0.3364740986408788,1.3997488802543163,0.6990942276054568,2.802622093568434
E2_ownership_ai_revision,prompt_code_screen,-0.11487560469315242,0.24708567597921288,-0.609120544205293,0.37936933481898827,0.6436701019307225,0.8914770325686878,0.5438289323318045,1.461362668201306
E2_ownership_ai_revision,prompt_code_shapeshifter,-0.19317999825764487,0.31324452264639246,-0.8197623346651203,0.43340233814983053,0.5397612845072621,0.8243335821758516,0.440536342282494,1.5424967011396427
E2_ownership_ai_revision,prompt_code_sideeffect,-0.2524576558443793,0.29217506834325824,-0.8368948086982663,0.3319794970095077,0.39099453302893766,0.7768891088561568,0.43305315066968847,1.3937242727040606
E2_ownership_ai_revision,prompt_code_stereotype,-0.04675856937115115,0.24683340617259952,-0.5404988941385632,0.4469817553962609,0.8503922794558291,0.9543177713192662,0.5824575951962321,1.563585772023362
E2_ownership_ai_revision,high_creative,0.08322362958096315,0.11428915180016855,-0.14538871184477115,0.3118359710066974,0.4693328942967714,1.0867848186086888,0.864686114042044,1.3659306224280265
E2_ownership_ai_revision,high_argumentative,0.04861451258709201,0.1830378802488299,-0.3175157606207494,0.41474478579493335,0.7914592239202666,1.0498155820356707,0.7279552076579496,1.5139843010818228
E4_human_chars_after_query_30s,Intercept,83.72742623524329,1.3806090249749812,80.9657970095326,86.48905546095398,1.514727580774321e-55,,,
E4_human_chars_after_query_30s,outcome_QR,6.7319164727659455,3.6542187353427544,-0.57760930470387,14.041442250235761,0.07038424035237562,,,
E4_human_chars_after_query_30s,outcome_QN,9.013335475398868,3.9671642801615956,1.0778254062188592,16.948845544578877,0.02668577292646546,,,
E4_human_chars_after_query_60s,Intercept,189.1199008220443,1.8338440109528675,185.45166664102138,192.7881350030672,3.026825441083203e-69,,,
E4_human_chars_after_query_60s,outcome_QR,9.983149760027572,4.3261373867208075,1.329586567635479,18.636712952419664,0.024484993183295514,,,
E4_human_chars_after_query_60s,outcome_QN,15.432438367085808,5.660970242072905,4.108811921379839,26.756064812791777,0.008388223250465105,,,
